reference	chromosome	file	path
arinalrfor	chr1A	chr1A_arinalrfor_WatSeq_Pangenome_ABD_19w_50000ibs_haplotypes.tsv.gz	/nbi/group-data/ifs/NBI/Cristobal-Uauy/Jesus/14_watseq_affinity/groups/WatSeq_Pangenome_ABD/arinalrfor/gwas_dmp/50000w/haplotypes_only/
arinalrfor	chr1B	chr1B_arinalrfor_WatSeq_Pangenome_ABD_19w_50000ibs_haplotypes.tsv.gz	/nbi/group-data/ifs/NBI/Cristobal-Uauy/Jesus/14_watseq_affinity/groups/WatSeq_Pangenome_ABD/arinalrfor/gwas_dmp/50000w/haplotypes_only/
arinalrfor	chr1D	chr1D_arinalrfor_WatSeq_Pangenome_ABD_19w_50000ibs_haplotypes.tsv.gz	/nbi/group-data/ifs/NBI/Cristobal-Uauy/Jesus/14_watseq_affinity/groups/WatSeq_Pangenome_ABD/arinalrfor/gwas_dmp/50000w/haplotypes_only/
arinalrfor	chr2A	chr2A_arinalrfor_WatSeq_Pangenome_ABD_19w_50000ibs_haplotypes.tsv.gz	/nbi/group-data/ifs/NBI/Cristobal-Uauy/Jesus/14_watseq_affinity/groups/WatSeq_Pangenome_ABD/arinalrfor/gwas_dmp/50000w/haplotypes_only/
arinalrfor	chr2B	chr2B_arinalrfor_WatSeq_Pangenome_ABD_19w_50000ibs_haplotypes.tsv.gz	/nbi/group-data/ifs/NBI/Cristobal-Uauy/Jesus/14_watseq_affinity/groups/WatSeq_Pangenome_ABD/arinalrfor/gwas_dmp/50000w/haplotypes_only/
arinalrfor	chr2D	chr2D_arinalrfor_WatSeq_Pangenome_ABD_19w_50000ibs_haplotypes.tsv.gz	/nbi/group-data/ifs/NBI/Cristobal-Uauy/Jesus/14_watseq_affinity/groups/WatSeq_Pangenome_ABD/arinalrfor/gwas_dmp/50000w/haplotypes_only/
arinalrfor	chr3A	chr3A_arinalrfor_WatSeq_Pangenome_ABD_19w_50000ibs_haplotypes.tsv.gz	/nbi/group-data/ifs/NBI/Cristobal-Uauy/Jesus/14_watseq_affinity/groups/WatSeq_Pangenome_ABD/arinalrfor/gwas_dmp/50000w/haplotypes_only/
arinalrfor	chr3B	chr3B_arinalrfor_WatSeq_Pangenome_ABD_19w_50000ibs_haplotypes.tsv.gz	/nbi/group-data/ifs/NBI/Cristobal-Uauy/Jesus/14_watseq_affinity/groups/WatSeq_Pangenome_ABD/arinalrfor/gwas_dmp/50000w/haplotypes_only/
arinalrfor	chr3D	chr3D_arinalrfor_WatSeq_Pangenome_ABD_19w_50000ibs_haplotypes.tsv.gz	/nbi/group-data/ifs/NBI/Cristobal-Uauy/Jesus/14_watseq_affinity/groups/WatSeq_Pangenome_ABD/arinalrfor/gwas_dmp/50000w/haplotypes_only/
arinalrfor	chr4A	chr4A_arinalrfor_WatSeq_Pangenome_ABD_19w_50000ibs_haplotypes.tsv.gz	/nbi/group-data/ifs/NBI/Cristobal-Uauy/Jesus/14_watseq_affinity/groups/WatSeq_Pangenome_ABD/arinalrfor/gwas_dmp/50000w/haplotypes_only/
arinalrfor	chr4B	chr4B_arinalrfor_WatSeq_Pangenome_ABD_19w_50000ibs_haplotypes.tsv.gz	/nbi/group-data/ifs/NBI/Cristobal-Uauy/Jesus/14_watseq_affinity/groups/WatSeq_Pangenome_ABD/arinalrfor/gwas_dmp/50000w/haplotypes_only/
arinalrfor	chr4D	chr4D_arinalrfor_WatSeq_Pangenome_ABD_19w_50000ibs_haplotypes.tsv.gz	/nbi/group-data/ifs/NBI/Cristobal-Uauy/Jesus/14_watseq_affinity/groups/WatSeq_Pangenome_ABD/arinalrfor/gwas_dmp/50000w/haplotypes_only/
arinalrfor	chr5A	chr5A_arinalrfor_WatSeq_Pangenome_ABD_19w_50000ibs_haplotypes.tsv.gz	/nbi/group-data/ifs/NBI/Cristobal-Uauy/Jesus/14_watseq_affinity/groups/WatSeq_Pangenome_ABD/arinalrfor/gwas_dmp/50000w/haplotypes_only/
arinalrfor	chr5B	chr5B_arinalrfor_WatSeq_Pangenome_ABD_19w_50000ibs_haplotypes.tsv.gz	/nbi/group-data/ifs/NBI/Cristobal-Uauy/Jesus/14_watseq_affinity/groups/WatSeq_Pangenome_ABD/arinalrfor/gwas_dmp/50000w/haplotypes_only/
arinalrfor	chr5D	chr5D_arinalrfor_WatSeq_Pangenome_ABD_19w_50000ibs_haplotypes.tsv.gz	/nbi/group-data/ifs/NBI/Cristobal-Uauy/Jesus/14_watseq_affinity/groups/WatSeq_Pangenome_ABD/arinalrfor/gwas_dmp/50000w/haplotypes_only/
arinalrfor	chr6A	chr6A_arinalrfor_WatSeq_Pangenome_ABD_19w_50000ibs_haplotypes.tsv.gz	/nbi/group-data/ifs/NBI/Cristobal-Uauy/Jesus/14_watseq_affinity/groups/WatSeq_Pangenome_ABD/arinalrfor/gwas_dmp/50000w/haplotypes_only/
arinalrfor	chr6B	chr6B_arinalrfor_WatSeq_Pangenome_ABD_19w_50000ibs_haplotypes.tsv.gz	/nbi/group-data/ifs/NBI/Cristobal-Uauy/Jesus/14_watseq_affinity/groups/WatSeq_Pangenome_ABD/arinalrfor/gwas_dmp/50000w/haplotypes_only/
arinalrfor	chr6D	chr6D_arinalrfor_WatSeq_Pangenome_ABD_19w_50000ibs_haplotypes.tsv.gz	/nbi/group-data/ifs/NBI/Cristobal-Uauy/Jesus/14_watseq_affinity/groups/WatSeq_Pangenome_ABD/arinalrfor/gwas_dmp/50000w/haplotypes_only/
arinalrfor	chr7A	chr7A_arinalrfor_WatSeq_Pangenome_ABD_19w_50000ibs_haplotypes.tsv.gz	/nbi/group-data/ifs/NBI/Cristobal-Uauy/Jesus/14_watseq_affinity/groups/WatSeq_Pangenome_ABD/arinalrfor/gwas_dmp/50000w/haplotypes_only/
arinalrfor	chr7B	chr7B_arinalrfor_WatSeq_Pangenome_ABD_19w_50000ibs_haplotypes.tsv.gz	/nbi/group-data/ifs/NBI/Cristobal-Uauy/Jesus/14_watseq_affinity/groups/WatSeq_Pangenome_ABD/arinalrfor/gwas_dmp/50000w/haplotypes_only/
arinalrfor	chr7D	chr7D_arinalrfor_WatSeq_Pangenome_ABD_19w_50000ibs_haplotypes.tsv.gz	/nbi/group-data/ifs/NBI/Cristobal-Uauy/Jesus/14_watseq_affinity/groups/WatSeq_Pangenome_ABD/arinalrfor/gwas_dmp/50000w/haplotypes_only/
chinese	chr1A	chr1A_chinese_WatSeq_Pangenome_ABD_19w_50000ibs_haplotypes.tsv.gz	/nbi/group-data/ifs/NBI/Cristobal-Uauy/Jesus/14_watseq_affinity/groups/WatSeq_Pangenome_ABD/chinese/gwas_dmp/50000w/haplotypes_only/
chinese	chr1B	chr1B_chinese_WatSeq_Pangenome_ABD_19w_50000ibs_haplotypes.tsv.gz	/nbi/group-data/ifs/NBI/Cristobal-Uauy/Jesus/14_watseq_affinity/groups/WatSeq_Pangenome_ABD/chinese/gwas_dmp/50000w/haplotypes_only/
chinese	chr1D	chr1D_chinese_WatSeq_Pangenome_ABD_19w_50000ibs_haplotypes.tsv.gz	/nbi/group-data/ifs/NBI/Cristobal-Uauy/Jesus/14_watseq_affinity/groups/WatSeq_Pangenome_ABD/chinese/gwas_dmp/50000w/haplotypes_only/
chinese	chr2A	chr2A_chinese_WatSeq_Pangenome_ABD_19w_50000ibs_haplotypes.tsv.gz	/nbi/group-data/ifs/NBI/Cristobal-Uauy/Jesus/14_watseq_affinity/groups/WatSeq_Pangenome_ABD/chinese/gwas_dmp/50000w/haplotypes_only/
chinese	chr2B	chr2B_chinese_WatSeq_Pangenome_ABD_19w_50000ibs_haplotypes.tsv.gz	/nbi/group-data/ifs/NBI/Cristobal-Uauy/Jesus/14_watseq_affinity/groups/WatSeq_Pangenome_ABD/chinese/gwas_dmp/50000w/haplotypes_only/
chinese	chr2D	chr2D_chinese_WatSeq_Pangenome_ABD_19w_50000ibs_haplotypes.tsv.gz	/nbi/group-data/ifs/NBI/Cristobal-Uauy/Jesus/14_watseq_affinity/groups/WatSeq_Pangenome_ABD/chinese/gwas_dmp/50000w/haplotypes_only/
chinese	chr3A	chr3A_chinese_WatSeq_Pangenome_ABD_19w_50000ibs_haplotypes.tsv.gz	/nbi/group-data/ifs/NBI/Cristobal-Uauy/Jesus/14_watseq_affinity/groups/WatSeq_Pangenome_ABD/chinese/gwas_dmp/50000w/haplotypes_only/
chinese	chr3B	chr3B_chinese_WatSeq_Pangenome_ABD_19w_50000ibs_haplotypes.tsv.gz	/nbi/group-data/ifs/NBI/Cristobal-Uauy/Jesus/14_watseq_affinity/groups/WatSeq_Pangenome_ABD/chinese/gwas_dmp/50000w/haplotypes_only/
chinese	chr3D	chr3D_chinese_WatSeq_Pangenome_ABD_19w_50000ibs_haplotypes.tsv.gz	/nbi/group-data/ifs/NBI/Cristobal-Uauy/Jesus/14_watseq_affinity/groups/WatSeq_Pangenome_ABD/chinese/gwas_dmp/50000w/haplotypes_only/
chinese	chr4A	chr4A_chinese_WatSeq_Pangenome_ABD_19w_50000ibs_haplotypes.tsv.gz	/nbi/group-data/ifs/NBI/Cristobal-Uauy/Jesus/14_watseq_affinity/groups/WatSeq_Pangenome_ABD/chinese/gwas_dmp/50000w/haplotypes_only/
chinese	chr4B	chr4B_chinese_WatSeq_Pangenome_ABD_19w_50000ibs_haplotypes.tsv.gz	/nbi/group-data/ifs/NBI/Cristobal-Uauy/Jesus/14_watseq_affinity/groups/WatSeq_Pangenome_ABD/chinese/gwas_dmp/50000w/haplotypes_only/
chinese	chr4D	chr4D_chinese_WatSeq_Pangenome_ABD_19w_50000ibs_haplotypes.tsv.gz	/nbi/group-data/ifs/NBI/Cristobal-Uauy/Jesus/14_watseq_affinity/groups/WatSeq_Pangenome_ABD/chinese/gwas_dmp/50000w/haplotypes_only/
chinese	chr5A	chr5A_chinese_WatSeq_Pangenome_ABD_19w_50000ibs_haplotypes.tsv.gz	/nbi/group-data/ifs/NBI/Cristobal-Uauy/Jesus/14_watseq_affinity/groups/WatSeq_Pangenome_ABD/chinese/gwas_dmp/50000w/haplotypes_only/
chinese	chr5B	chr5B_chinese_WatSeq_Pangenome_ABD_19w_50000ibs_haplotypes.tsv.gz	/nbi/group-data/ifs/NBI/Cristobal-Uauy/Jesus/14_watseq_affinity/groups/WatSeq_Pangenome_ABD/chinese/gwas_dmp/50000w/haplotypes_only/
chinese	chr5D	chr5D_chinese_WatSeq_Pangenome_ABD_19w_50000ibs_haplotypes.tsv.gz	/nbi/group-data/ifs/NBI/Cristobal-Uauy/Jesus/14_watseq_affinity/groups/WatSeq_Pangenome_ABD/chinese/gwas_dmp/50000w/haplotypes_only/
chinese	chr6A	chr6A_chinese_WatSeq_Pangenome_ABD_19w_50000ibs_haplotypes.tsv.gz	/nbi/group-data/ifs/NBI/Cristobal-Uauy/Jesus/14_watseq_affinity/groups/WatSeq_Pangenome_ABD/chinese/gwas_dmp/50000w/haplotypes_only/
chinese	chr6B	chr6B_chinese_WatSeq_Pangenome_ABD_19w_50000ibs_haplotypes.tsv.gz	/nbi/group-data/ifs/NBI/Cristobal-Uauy/Jesus/14_watseq_affinity/groups/WatSeq_Pangenome_ABD/chinese/gwas_dmp/50000w/haplotypes_only/
chinese	chr6D	chr6D_chinese_WatSeq_Pangenome_ABD_19w_50000ibs_haplotypes.tsv.gz	/nbi/group-data/ifs/NBI/Cristobal-Uauy/Jesus/14_watseq_affinity/groups/WatSeq_Pangenome_ABD/chinese/gwas_dmp/50000w/haplotypes_only/
chinese	chr7A	chr7A_chinese_WatSeq_Pangenome_ABD_19w_50000ibs_haplotypes.tsv.gz	/nbi/group-data/ifs/NBI/Cristobal-Uauy/Jesus/14_watseq_affinity/groups/WatSeq_Pangenome_ABD/chinese/gwas_dmp/50000w/haplotypes_only/
chinese	chr7B	chr7B_chinese_WatSeq_Pangenome_ABD_19w_50000ibs_haplotypes.tsv.gz	/nbi/group-data/ifs/NBI/Cristobal-Uauy/Jesus/14_watseq_affinity/groups/WatSeq_Pangenome_ABD/chinese/gwas_dmp/50000w/haplotypes_only/
chinese	chr7D	chr7D_chinese_WatSeq_Pangenome_ABD_19w_50000ibs_haplotypes.tsv.gz	/nbi/group-data/ifs/NBI/Cristobal-Uauy/Jesus/14_watseq_affinity/groups/WatSeq_Pangenome_ABD/chinese/gwas_dmp/50000w/haplotypes_only/
jagger	chr1A	chr1A_jagger_WatSeq_Pangenome_ABD_19w_50000ibs_haplotypes.tsv.gz	/nbi/group-data/ifs/NBI/Cristobal-Uauy/Jesus/14_watseq_affinity/groups/WatSeq_Pangenome_ABD/jagger/gwas_dmp/50000w/haplotypes_only/
jagger	chr1B	chr1B_jagger_WatSeq_Pangenome_ABD_19w_50000ibs_haplotypes.tsv.gz	/nbi/group-data/ifs/NBI/Cristobal-Uauy/Jesus/14_watseq_affinity/groups/WatSeq_Pangenome_ABD/jagger/gwas_dmp/50000w/haplotypes_only/
jagger	chr1D	chr1D_jagger_WatSeq_Pangenome_ABD_19w_50000ibs_haplotypes.tsv.gz	/nbi/group-data/ifs/NBI/Cristobal-Uauy/Jesus/14_watseq_affinity/groups/WatSeq_Pangenome_ABD/jagger/gwas_dmp/50000w/haplotypes_only/
jagger	chr2A	chr2A_jagger_WatSeq_Pangenome_ABD_19w_50000ibs_haplotypes.tsv.gz	/nbi/group-data/ifs/NBI/Cristobal-Uauy/Jesus/14_watseq_affinity/groups/WatSeq_Pangenome_ABD/jagger/gwas_dmp/50000w/haplotypes_only/
jagger	chr2B	chr2B_jagger_WatSeq_Pangenome_ABD_19w_50000ibs_haplotypes.tsv.gz	/nbi/group-data/ifs/NBI/Cristobal-Uauy/Jesus/14_watseq_affinity/groups/WatSeq_Pangenome_ABD/jagger/gwas_dmp/50000w/haplotypes_only/
jagger	chr2D	chr2D_jagger_WatSeq_Pangenome_ABD_19w_50000ibs_haplotypes.tsv.gz	/nbi/group-data/ifs/NBI/Cristobal-Uauy/Jesus/14_watseq_affinity/groups/WatSeq_Pangenome_ABD/jagger/gwas_dmp/50000w/haplotypes_only/
jagger	chr3A	chr3A_jagger_WatSeq_Pangenome_ABD_19w_50000ibs_haplotypes.tsv.gz	/nbi/group-data/ifs/NBI/Cristobal-Uauy/Jesus/14_watseq_affinity/groups/WatSeq_Pangenome_ABD/jagger/gwas_dmp/50000w/haplotypes_only/
jagger	chr3B	chr3B_jagger_WatSeq_Pangenome_ABD_19w_50000ibs_haplotypes.tsv.gz	/nbi/group-data/ifs/NBI/Cristobal-Uauy/Jesus/14_watseq_affinity/groups/WatSeq_Pangenome_ABD/jagger/gwas_dmp/50000w/haplotypes_only/
jagger	chr3D	chr3D_jagger_WatSeq_Pangenome_ABD_19w_50000ibs_haplotypes.tsv.gz	/nbi/group-data/ifs/NBI/Cristobal-Uauy/Jesus/14_watseq_affinity/groups/WatSeq_Pangenome_ABD/jagger/gwas_dmp/50000w/haplotypes_only/
jagger	chr4A	chr4A_jagger_WatSeq_Pangenome_ABD_19w_50000ibs_haplotypes.tsv.gz	/nbi/group-data/ifs/NBI/Cristobal-Uauy/Jesus/14_watseq_affinity/groups/WatSeq_Pangenome_ABD/jagger/gwas_dmp/50000w/haplotypes_only/
jagger	chr4B	chr4B_jagger_WatSeq_Pangenome_ABD_19w_50000ibs_haplotypes.tsv.gz	/nbi/group-data/ifs/NBI/Cristobal-Uauy/Jesus/14_watseq_affinity/groups/WatSeq_Pangenome_ABD/jagger/gwas_dmp/50000w/haplotypes_only/
jagger	chr4D	chr4D_jagger_WatSeq_Pangenome_ABD_19w_50000ibs_haplotypes.tsv.gz	/nbi/group-data/ifs/NBI/Cristobal-Uauy/Jesus/14_watseq_affinity/groups/WatSeq_Pangenome_ABD/jagger/gwas_dmp/50000w/haplotypes_only/
jagger	chr5A	chr5A_jagger_WatSeq_Pangenome_ABD_19w_50000ibs_haplotypes.tsv.gz	/nbi/group-data/ifs/NBI/Cristobal-Uauy/Jesus/14_watseq_affinity/groups/WatSeq_Pangenome_ABD/jagger/gwas_dmp/50000w/haplotypes_only/
jagger	chr5B	chr5B_jagger_WatSeq_Pangenome_ABD_19w_50000ibs_haplotypes.tsv.gz	/nbi/group-data/ifs/NBI/Cristobal-Uauy/Jesus/14_watseq_affinity/groups/WatSeq_Pangenome_ABD/jagger/gwas_dmp/50000w/haplotypes_only/
jagger	chr5D	chr5D_jagger_WatSeq_Pangenome_ABD_19w_50000ibs_haplotypes.tsv.gz	/nbi/group-data/ifs/NBI/Cristobal-Uauy/Jesus/14_watseq_affinity/groups/WatSeq_Pangenome_ABD/jagger/gwas_dmp/50000w/haplotypes_only/
jagger	chr6A	chr6A_jagger_WatSeq_Pangenome_ABD_19w_50000ibs_haplotypes.tsv.gz	/nbi/group-data/ifs/NBI/Cristobal-Uauy/Jesus/14_watseq_affinity/groups/WatSeq_Pangenome_ABD/jagger/gwas_dmp/50000w/haplotypes_only/
jagger	chr6B	chr6B_jagger_WatSeq_Pangenome_ABD_19w_50000ibs_haplotypes.tsv.gz	/nbi/group-data/ifs/NBI/Cristobal-Uauy/Jesus/14_watseq_affinity/groups/WatSeq_Pangenome_ABD/jagger/gwas_dmp/50000w/haplotypes_only/
jagger	chr6D	chr6D_jagger_WatSeq_Pangenome_ABD_19w_50000ibs_haplotypes.tsv.gz	/nbi/group-data/ifs/NBI/Cristobal-Uauy/Jesus/14_watseq_affinity/groups/WatSeq_Pangenome_ABD/jagger/gwas_dmp/50000w/haplotypes_only/
jagger	chr7A	chr7A_jagger_WatSeq_Pangenome_ABD_19w_50000ibs_haplotypes.tsv.gz	/nbi/group-data/ifs/NBI/Cristobal-Uauy/Jesus/14_watseq_affinity/groups/WatSeq_Pangenome_ABD/jagger/gwas_dmp/50000w/haplotypes_only/
jagger	chr7B	chr7B_jagger_WatSeq_Pangenome_ABD_19w_50000ibs_haplotypes.tsv.gz	/nbi/group-data/ifs/NBI/Cristobal-Uauy/Jesus/14_watseq_affinity/groups/WatSeq_Pangenome_ABD/jagger/gwas_dmp/50000w/haplotypes_only/
jagger	chr7D	chr7D_jagger_WatSeq_Pangenome_ABD_19w_50000ibs_haplotypes.tsv.gz	/nbi/group-data/ifs/NBI/Cristobal-Uauy/Jesus/14_watseq_affinity/groups/WatSeq_Pangenome_ABD/jagger/gwas_dmp/50000w/haplotypes_only/
julius	chr1A	chr1A_julius_WatSeq_Pangenome_ABD_19w_50000ibs_haplotypes.tsv.gz	/nbi/group-data/ifs/NBI/Cristobal-Uauy/Jesus/14_watseq_affinity/groups/WatSeq_Pangenome_ABD/julius/gwas_dmp/50000w/haplotypes_only/
julius	chr1B	chr1B_julius_WatSeq_Pangenome_ABD_19w_50000ibs_haplotypes.tsv.gz	/nbi/group-data/ifs/NBI/Cristobal-Uauy/Jesus/14_watseq_affinity/groups/WatSeq_Pangenome_ABD/julius/gwas_dmp/50000w/haplotypes_only/
julius	chr1D	chr1D_julius_WatSeq_Pangenome_ABD_19w_50000ibs_haplotypes.tsv.gz	/nbi/group-data/ifs/NBI/Cristobal-Uauy/Jesus/14_watseq_affinity/groups/WatSeq_Pangenome_ABD/julius/gwas_dmp/50000w/haplotypes_only/
julius	chr2A	chr2A_julius_WatSeq_Pangenome_ABD_19w_50000ibs_haplotypes.tsv.gz	/nbi/group-data/ifs/NBI/Cristobal-Uauy/Jesus/14_watseq_affinity/groups/WatSeq_Pangenome_ABD/julius/gwas_dmp/50000w/haplotypes_only/
julius	chr2B	chr2B_julius_WatSeq_Pangenome_ABD_19w_50000ibs_haplotypes.tsv.gz	/nbi/group-data/ifs/NBI/Cristobal-Uauy/Jesus/14_watseq_affinity/groups/WatSeq_Pangenome_ABD/julius/gwas_dmp/50000w/haplotypes_only/
julius	chr2D	chr2D_julius_WatSeq_Pangenome_ABD_19w_50000ibs_haplotypes.tsv.gz	/nbi/group-data/ifs/NBI/Cristobal-Uauy/Jesus/14_watseq_affinity/groups/WatSeq_Pangenome_ABD/julius/gwas_dmp/50000w/haplotypes_only/
julius	chr3A	chr3A_julius_WatSeq_Pangenome_ABD_19w_50000ibs_haplotypes.tsv.gz	/nbi/group-data/ifs/NBI/Cristobal-Uauy/Jesus/14_watseq_affinity/groups/WatSeq_Pangenome_ABD/julius/gwas_dmp/50000w/haplotypes_only/
julius	chr3B	chr3B_julius_WatSeq_Pangenome_ABD_19w_50000ibs_haplotypes.tsv.gz	/nbi/group-data/ifs/NBI/Cristobal-Uauy/Jesus/14_watseq_affinity/groups/WatSeq_Pangenome_ABD/julius/gwas_dmp/50000w/haplotypes_only/
julius	chr3D	chr3D_julius_WatSeq_Pangenome_ABD_19w_50000ibs_haplotypes.tsv.gz	/nbi/group-data/ifs/NBI/Cristobal-Uauy/Jesus/14_watseq_affinity/groups/WatSeq_Pangenome_ABD/julius/gwas_dmp/50000w/haplotypes_only/
julius	chr4A	chr4A_julius_WatSeq_Pangenome_ABD_19w_50000ibs_haplotypes.tsv.gz	/nbi/group-data/ifs/NBI/Cristobal-Uauy/Jesus/14_watseq_affinity/groups/WatSeq_Pangenome_ABD/julius/gwas_dmp/50000w/haplotypes_only/
julius	chr4B	chr4B_julius_WatSeq_Pangenome_ABD_19w_50000ibs_haplotypes.tsv.gz	/nbi/group-data/ifs/NBI/Cristobal-Uauy/Jesus/14_watseq_affinity/groups/WatSeq_Pangenome_ABD/julius/gwas_dmp/50000w/haplotypes_only/
julius	chr4D	chr4D_julius_WatSeq_Pangenome_ABD_19w_50000ibs_haplotypes.tsv.gz	/nbi/group-data/ifs/NBI/Cristobal-Uauy/Jesus/14_watseq_affinity/groups/WatSeq_Pangenome_ABD/julius/gwas_dmp/50000w/haplotypes_only/
julius	chr5A	chr5A_julius_WatSeq_Pangenome_ABD_19w_50000ibs_haplotypes.tsv.gz	/nbi/group-data/ifs/NBI/Cristobal-Uauy/Jesus/14_watseq_affinity/groups/WatSeq_Pangenome_ABD/julius/gwas_dmp/50000w/haplotypes_only/
julius	chr5B	chr5B_julius_WatSeq_Pangenome_ABD_19w_50000ibs_haplotypes.tsv.gz	/nbi/group-data/ifs/NBI/Cristobal-Uauy/Jesus/14_watseq_affinity/groups/WatSeq_Pangenome_ABD/julius/gwas_dmp/50000w/haplotypes_only/
julius	chr5D	chr5D_julius_WatSeq_Pangenome_ABD_19w_50000ibs_haplotypes.tsv.gz	/nbi/group-data/ifs/NBI/Cristobal-Uauy/Jesus/14_watseq_affinity/groups/WatSeq_Pangenome_ABD/julius/gwas_dmp/50000w/haplotypes_only/
julius	chr6A	chr6A_julius_WatSeq_Pangenome_ABD_19w_50000ibs_haplotypes.tsv.gz	/nbi/group-data/ifs/NBI/Cristobal-Uauy/Jesus/14_watseq_affinity/groups/WatSeq_Pangenome_ABD/julius/gwas_dmp/50000w/haplotypes_only/
julius	chr6B	chr6B_julius_WatSeq_Pangenome_ABD_19w_50000ibs_haplotypes.tsv.gz	/nbi/group-data/ifs/NBI/Cristobal-Uauy/Jesus/14_watseq_affinity/groups/WatSeq_Pangenome_ABD/julius/gwas_dmp/50000w/haplotypes_only/
julius	chr6D	chr6D_julius_WatSeq_Pangenome_ABD_19w_50000ibs_haplotypes.tsv.gz	/nbi/group-data/ifs/NBI/Cristobal-Uauy/Jesus/14_watseq_affinity/groups/WatSeq_Pangenome_ABD/julius/gwas_dmp/50000w/haplotypes_only/
julius	chr7A	chr7A_julius_WatSeq_Pangenome_ABD_19w_50000ibs_haplotypes.tsv.gz	/nbi/group-data/ifs/NBI/Cristobal-Uauy/Jesus/14_watseq_affinity/groups/WatSeq_Pangenome_ABD/julius/gwas_dmp/50000w/haplotypes_only/
julius	chr7B	chr7B_julius_WatSeq_Pangenome_ABD_19w_50000ibs_haplotypes.tsv.gz	/nbi/group-data/ifs/NBI/Cristobal-Uauy/Jesus/14_watseq_affinity/groups/WatSeq_Pangenome_ABD/julius/gwas_dmp/50000w/haplotypes_only/
julius	chr7D	chr7D_julius_WatSeq_Pangenome_ABD_19w_50000ibs_haplotypes.tsv.gz	/nbi/group-data/ifs/NBI/Cristobal-Uauy/Jesus/14_watseq_affinity/groups/WatSeq_Pangenome_ABD/julius/gwas_dmp/50000w/haplotypes_only/
lancer	chr1A	chr1A_lancer_WatSeq_Pangenome_ABD_19w_50000ibs_haplotypes.tsv.gz	/nbi/group-data/ifs/NBI/Cristobal-Uauy/Jesus/14_watseq_affinity/groups/WatSeq_Pangenome_ABD/lancer/gwas_dmp/50000w/haplotypes_only/
lancer	chr1B	chr1B_lancer_WatSeq_Pangenome_ABD_19w_50000ibs_haplotypes.tsv.gz	/nbi/group-data/ifs/NBI/Cristobal-Uauy/Jesus/14_watseq_affinity/groups/WatSeq_Pangenome_ABD/lancer/gwas_dmp/50000w/haplotypes_only/
lancer	chr1D	chr1D_lancer_WatSeq_Pangenome_ABD_19w_50000ibs_haplotypes.tsv.gz	/nbi/group-data/ifs/NBI/Cristobal-Uauy/Jesus/14_watseq_affinity/groups/WatSeq_Pangenome_ABD/lancer/gwas_dmp/50000w/haplotypes_only/
lancer	chr2A	chr2A_lancer_WatSeq_Pangenome_ABD_19w_50000ibs_haplotypes.tsv.gz	/nbi/group-data/ifs/NBI/Cristobal-Uauy/Jesus/14_watseq_affinity/groups/WatSeq_Pangenome_ABD/lancer/gwas_dmp/50000w/haplotypes_only/
lancer	chr2B	chr2B_lancer_WatSeq_Pangenome_ABD_19w_50000ibs_haplotypes.tsv.gz	/nbi/group-data/ifs/NBI/Cristobal-Uauy/Jesus/14_watseq_affinity/groups/WatSeq_Pangenome_ABD/lancer/gwas_dmp/50000w/haplotypes_only/
lancer	chr2D	chr2D_lancer_WatSeq_Pangenome_ABD_19w_50000ibs_haplotypes.tsv.gz	/nbi/group-data/ifs/NBI/Cristobal-Uauy/Jesus/14_watseq_affinity/groups/WatSeq_Pangenome_ABD/lancer/gwas_dmp/50000w/haplotypes_only/
lancer	chr3A	chr3A_lancer_WatSeq_Pangenome_ABD_19w_50000ibs_haplotypes.tsv.gz	/nbi/group-data/ifs/NBI/Cristobal-Uauy/Jesus/14_watseq_affinity/groups/WatSeq_Pangenome_ABD/lancer/gwas_dmp/50000w/haplotypes_only/
lancer	chr3B	chr3B_lancer_WatSeq_Pangenome_ABD_19w_50000ibs_haplotypes.tsv.gz	/nbi/group-data/ifs/NBI/Cristobal-Uauy/Jesus/14_watseq_affinity/groups/WatSeq_Pangenome_ABD/lancer/gwas_dmp/50000w/haplotypes_only/
lancer	chr3D	chr3D_lancer_WatSeq_Pangenome_ABD_19w_50000ibs_haplotypes.tsv.gz	/nbi/group-data/ifs/NBI/Cristobal-Uauy/Jesus/14_watseq_affinity/groups/WatSeq_Pangenome_ABD/lancer/gwas_dmp/50000w/haplotypes_only/
lancer	chr4A	chr4A_lancer_WatSeq_Pangenome_ABD_19w_50000ibs_haplotypes.tsv.gz	/nbi/group-data/ifs/NBI/Cristobal-Uauy/Jesus/14_watseq_affinity/groups/WatSeq_Pangenome_ABD/lancer/gwas_dmp/50000w/haplotypes_only/
lancer	chr4B	chr4B_lancer_WatSeq_Pangenome_ABD_19w_50000ibs_haplotypes.tsv.gz	/nbi/group-data/ifs/NBI/Cristobal-Uauy/Jesus/14_watseq_affinity/groups/WatSeq_Pangenome_ABD/lancer/gwas_dmp/50000w/haplotypes_only/
lancer	chr4D	chr4D_lancer_WatSeq_Pangenome_ABD_19w_50000ibs_haplotypes.tsv.gz	/nbi/group-data/ifs/NBI/Cristobal-Uauy/Jesus/14_watseq_affinity/groups/WatSeq_Pangenome_ABD/lancer/gwas_dmp/50000w/haplotypes_only/
lancer	chr5A	chr5A_lancer_WatSeq_Pangenome_ABD_19w_50000ibs_haplotypes.tsv.gz	/nbi/group-data/ifs/NBI/Cristobal-Uauy/Jesus/14_watseq_affinity/groups/WatSeq_Pangenome_ABD/lancer/gwas_dmp/50000w/haplotypes_only/
lancer	chr5B	chr5B_lancer_WatSeq_Pangenome_ABD_19w_50000ibs_haplotypes.tsv.gz	/nbi/group-data/ifs/NBI/Cristobal-Uauy/Jesus/14_watseq_affinity/groups/WatSeq_Pangenome_ABD/lancer/gwas_dmp/50000w/haplotypes_only/
lancer	chr5D	chr5D_lancer_WatSeq_Pangenome_ABD_19w_50000ibs_haplotypes.tsv.gz	/nbi/group-data/ifs/NBI/Cristobal-Uauy/Jesus/14_watseq_affinity/groups/WatSeq_Pangenome_ABD/lancer/gwas_dmp/50000w/haplotypes_only/
lancer	chr6A	chr6A_lancer_WatSeq_Pangenome_ABD_19w_50000ibs_haplotypes.tsv.gz	/nbi/group-data/ifs/NBI/Cristobal-Uauy/Jesus/14_watseq_affinity/groups/WatSeq_Pangenome_ABD/lancer/gwas_dmp/50000w/haplotypes_only/
lancer	chr6B	chr6B_lancer_WatSeq_Pangenome_ABD_19w_50000ibs_haplotypes.tsv.gz	/nbi/group-data/ifs/NBI/Cristobal-Uauy/Jesus/14_watseq_affinity/groups/WatSeq_Pangenome_ABD/lancer/gwas_dmp/50000w/haplotypes_only/
lancer	chr6D	chr6D_lancer_WatSeq_Pangenome_ABD_19w_50000ibs_haplotypes.tsv.gz	/nbi/group-data/ifs/NBI/Cristobal-Uauy/Jesus/14_watseq_affinity/groups/WatSeq_Pangenome_ABD/lancer/gwas_dmp/50000w/haplotypes_only/
lancer	chr7A	chr7A_lancer_WatSeq_Pangenome_ABD_19w_50000ibs_haplotypes.tsv.gz	/nbi/group-data/ifs/NBI/Cristobal-Uauy/Jesus/14_watseq_affinity/groups/WatSeq_Pangenome_ABD/lancer/gwas_dmp/50000w/haplotypes_only/
lancer	chr7B	chr7B_lancer_WatSeq_Pangenome_ABD_19w_50000ibs_haplotypes.tsv.gz	/nbi/group-data/ifs/NBI/Cristobal-Uauy/Jesus/14_watseq_affinity/groups/WatSeq_Pangenome_ABD/lancer/gwas_dmp/50000w/haplotypes_only/
lancer	chr7D	chr7D_lancer_WatSeq_Pangenome_ABD_19w_50000ibs_haplotypes.tsv.gz	/nbi/group-data/ifs/NBI/Cristobal-Uauy/Jesus/14_watseq_affinity/groups/WatSeq_Pangenome_ABD/lancer/gwas_dmp/50000w/haplotypes_only/
landmark	chr1A	chr1A_landmark_WatSeq_Pangenome_ABD_19w_50000ibs_haplotypes.tsv.gz	/nbi/group-data/ifs/NBI/Cristobal-Uauy/Jesus/14_watseq_affinity/groups/WatSeq_Pangenome_ABD/landmark/gwas_dmp/50000w/haplotypes_only/
landmark	chr1B	chr1B_landmark_WatSeq_Pangenome_ABD_19w_50000ibs_haplotypes.tsv.gz	/nbi/group-data/ifs/NBI/Cristobal-Uauy/Jesus/14_watseq_affinity/groups/WatSeq_Pangenome_ABD/landmark/gwas_dmp/50000w/haplotypes_only/
landmark	chr1D	chr1D_landmark_WatSeq_Pangenome_ABD_19w_50000ibs_haplotypes.tsv.gz	/nbi/group-data/ifs/NBI/Cristobal-Uauy/Jesus/14_watseq_affinity/groups/WatSeq_Pangenome_ABD/landmark/gwas_dmp/50000w/haplotypes_only/
landmark	chr2A	chr2A_landmark_WatSeq_Pangenome_ABD_19w_50000ibs_haplotypes.tsv.gz	/nbi/group-data/ifs/NBI/Cristobal-Uauy/Jesus/14_watseq_affinity/groups/WatSeq_Pangenome_ABD/landmark/gwas_dmp/50000w/haplotypes_only/
landmark	chr2B	chr2B_landmark_WatSeq_Pangenome_ABD_19w_50000ibs_haplotypes.tsv.gz	/nbi/group-data/ifs/NBI/Cristobal-Uauy/Jesus/14_watseq_affinity/groups/WatSeq_Pangenome_ABD/landmark/gwas_dmp/50000w/haplotypes_only/
landmark	chr2D	chr2D_landmark_WatSeq_Pangenome_ABD_19w_50000ibs_haplotypes.tsv.gz	/nbi/group-data/ifs/NBI/Cristobal-Uauy/Jesus/14_watseq_affinity/groups/WatSeq_Pangenome_ABD/landmark/gwas_dmp/50000w/haplotypes_only/
landmark	chr3A	chr3A_landmark_WatSeq_Pangenome_ABD_19w_50000ibs_haplotypes.tsv.gz	/nbi/group-data/ifs/NBI/Cristobal-Uauy/Jesus/14_watseq_affinity/groups/WatSeq_Pangenome_ABD/landmark/gwas_dmp/50000w/haplotypes_only/
landmark	chr3B	chr3B_landmark_WatSeq_Pangenome_ABD_19w_50000ibs_haplotypes.tsv.gz	/nbi/group-data/ifs/NBI/Cristobal-Uauy/Jesus/14_watseq_affinity/groups/WatSeq_Pangenome_ABD/landmark/gwas_dmp/50000w/haplotypes_only/
landmark	chr3D	chr3D_landmark_WatSeq_Pangenome_ABD_19w_50000ibs_haplotypes.tsv.gz	/nbi/group-data/ifs/NBI/Cristobal-Uauy/Jesus/14_watseq_affinity/groups/WatSeq_Pangenome_ABD/landmark/gwas_dmp/50000w/haplotypes_only/
landmark	chr4A	chr4A_landmark_WatSeq_Pangenome_ABD_19w_50000ibs_haplotypes.tsv.gz	/nbi/group-data/ifs/NBI/Cristobal-Uauy/Jesus/14_watseq_affinity/groups/WatSeq_Pangenome_ABD/landmark/gwas_dmp/50000w/haplotypes_only/
landmark	chr4B	chr4B_landmark_WatSeq_Pangenome_ABD_19w_50000ibs_haplotypes.tsv.gz	/nbi/group-data/ifs/NBI/Cristobal-Uauy/Jesus/14_watseq_affinity/groups/WatSeq_Pangenome_ABD/landmark/gwas_dmp/50000w/haplotypes_only/
landmark	chr4D	chr4D_landmark_WatSeq_Pangenome_ABD_19w_50000ibs_haplotypes.tsv.gz	/nbi/group-data/ifs/NBI/Cristobal-Uauy/Jesus/14_watseq_affinity/groups/WatSeq_Pangenome_ABD/landmark/gwas_dmp/50000w/haplotypes_only/
landmark	chr5A	chr5A_landmark_WatSeq_Pangenome_ABD_19w_50000ibs_haplotypes.tsv.gz	/nbi/group-data/ifs/NBI/Cristobal-Uauy/Jesus/14_watseq_affinity/groups/WatSeq_Pangenome_ABD/landmark/gwas_dmp/50000w/haplotypes_only/
landmark	chr5B	chr5B_landmark_WatSeq_Pangenome_ABD_19w_50000ibs_haplotypes.tsv.gz	/nbi/group-data/ifs/NBI/Cristobal-Uauy/Jesus/14_watseq_affinity/groups/WatSeq_Pangenome_ABD/landmark/gwas_dmp/50000w/haplotypes_only/
landmark	chr5D	chr5D_landmark_WatSeq_Pangenome_ABD_19w_50000ibs_haplotypes.tsv.gz	/nbi/group-data/ifs/NBI/Cristobal-Uauy/Jesus/14_watseq_affinity/groups/WatSeq_Pangenome_ABD/landmark/gwas_dmp/50000w/haplotypes_only/
landmark	chr6A	chr6A_landmark_WatSeq_Pangenome_ABD_19w_50000ibs_haplotypes.tsv.gz	/nbi/group-data/ifs/NBI/Cristobal-Uauy/Jesus/14_watseq_affinity/groups/WatSeq_Pangenome_ABD/landmark/gwas_dmp/50000w/haplotypes_only/
landmark	chr6B	chr6B_landmark_WatSeq_Pangenome_ABD_19w_50000ibs_haplotypes.tsv.gz	/nbi/group-data/ifs/NBI/Cristobal-Uauy/Jesus/14_watseq_affinity/groups/WatSeq_Pangenome_ABD/landmark/gwas_dmp/50000w/haplotypes_only/
landmark	chr6D	chr6D_landmark_WatSeq_Pangenome_ABD_19w_50000ibs_haplotypes.tsv.gz	/nbi/group-data/ifs/NBI/Cristobal-Uauy/Jesus/14_watseq_affinity/groups/WatSeq_Pangenome_ABD/landmark/gwas_dmp/50000w/haplotypes_only/
landmark	chr7A	chr7A_landmark_WatSeq_Pangenome_ABD_19w_50000ibs_haplotypes.tsv.gz	/nbi/group-data/ifs/NBI/Cristobal-Uauy/Jesus/14_watseq_affinity/groups/WatSeq_Pangenome_ABD/landmark/gwas_dmp/50000w/haplotypes_only/
landmark	chr7B	chr7B_landmark_WatSeq_Pangenome_ABD_19w_50000ibs_haplotypes.tsv.gz	/nbi/group-data/ifs/NBI/Cristobal-Uauy/Jesus/14_watseq_affinity/groups/WatSeq_Pangenome_ABD/landmark/gwas_dmp/50000w/haplotypes_only/
landmark	chr7D	chr7D_landmark_WatSeq_Pangenome_ABD_19w_50000ibs_haplotypes.tsv.gz	/nbi/group-data/ifs/NBI/Cristobal-Uauy/Jesus/14_watseq_affinity/groups/WatSeq_Pangenome_ABD/landmark/gwas_dmp/50000w/haplotypes_only/
mace	chr1A	chr1A_mace_WatSeq_Pangenome_ABD_19w_50000ibs_haplotypes.tsv.gz	/nbi/group-data/ifs/NBI/Cristobal-Uauy/Jesus/14_watseq_affinity/groups/WatSeq_Pangenome_ABD/mace/gwas_dmp/50000w/haplotypes_only/
mace	chr1B	chr1B_mace_WatSeq_Pangenome_ABD_19w_50000ibs_haplotypes.tsv.gz	/nbi/group-data/ifs/NBI/Cristobal-Uauy/Jesus/14_watseq_affinity/groups/WatSeq_Pangenome_ABD/mace/gwas_dmp/50000w/haplotypes_only/
mace	chr1D	chr1D_mace_WatSeq_Pangenome_ABD_19w_50000ibs_haplotypes.tsv.gz	/nbi/group-data/ifs/NBI/Cristobal-Uauy/Jesus/14_watseq_affinity/groups/WatSeq_Pangenome_ABD/mace/gwas_dmp/50000w/haplotypes_only/
mace	chr2A	chr2A_mace_WatSeq_Pangenome_ABD_19w_50000ibs_haplotypes.tsv.gz	/nbi/group-data/ifs/NBI/Cristobal-Uauy/Jesus/14_watseq_affinity/groups/WatSeq_Pangenome_ABD/mace/gwas_dmp/50000w/haplotypes_only/
mace	chr2B	chr2B_mace_WatSeq_Pangenome_ABD_19w_50000ibs_haplotypes.tsv.gz	/nbi/group-data/ifs/NBI/Cristobal-Uauy/Jesus/14_watseq_affinity/groups/WatSeq_Pangenome_ABD/mace/gwas_dmp/50000w/haplotypes_only/
mace	chr2D	chr2D_mace_WatSeq_Pangenome_ABD_19w_50000ibs_haplotypes.tsv.gz	/nbi/group-data/ifs/NBI/Cristobal-Uauy/Jesus/14_watseq_affinity/groups/WatSeq_Pangenome_ABD/mace/gwas_dmp/50000w/haplotypes_only/
mace	chr3A	chr3A_mace_WatSeq_Pangenome_ABD_19w_50000ibs_haplotypes.tsv.gz	/nbi/group-data/ifs/NBI/Cristobal-Uauy/Jesus/14_watseq_affinity/groups/WatSeq_Pangenome_ABD/mace/gwas_dmp/50000w/haplotypes_only/
mace	chr3B	chr3B_mace_WatSeq_Pangenome_ABD_19w_50000ibs_haplotypes.tsv.gz	/nbi/group-data/ifs/NBI/Cristobal-Uauy/Jesus/14_watseq_affinity/groups/WatSeq_Pangenome_ABD/mace/gwas_dmp/50000w/haplotypes_only/
mace	chr3D	chr3D_mace_WatSeq_Pangenome_ABD_19w_50000ibs_haplotypes.tsv.gz	/nbi/group-data/ifs/NBI/Cristobal-Uauy/Jesus/14_watseq_affinity/groups/WatSeq_Pangenome_ABD/mace/gwas_dmp/50000w/haplotypes_only/
mace	chr4A	chr4A_mace_WatSeq_Pangenome_ABD_19w_50000ibs_haplotypes.tsv.gz	/nbi/group-data/ifs/NBI/Cristobal-Uauy/Jesus/14_watseq_affinity/groups/WatSeq_Pangenome_ABD/mace/gwas_dmp/50000w/haplotypes_only/
mace	chr4B	chr4B_mace_WatSeq_Pangenome_ABD_19w_50000ibs_haplotypes.tsv.gz	/nbi/group-data/ifs/NBI/Cristobal-Uauy/Jesus/14_watseq_affinity/groups/WatSeq_Pangenome_ABD/mace/gwas_dmp/50000w/haplotypes_only/
mace	chr4D	chr4D_mace_WatSeq_Pangenome_ABD_19w_50000ibs_haplotypes.tsv.gz	/nbi/group-data/ifs/NBI/Cristobal-Uauy/Jesus/14_watseq_affinity/groups/WatSeq_Pangenome_ABD/mace/gwas_dmp/50000w/haplotypes_only/
mace	chr5A	chr5A_mace_WatSeq_Pangenome_ABD_19w_50000ibs_haplotypes.tsv.gz	/nbi/group-data/ifs/NBI/Cristobal-Uauy/Jesus/14_watseq_affinity/groups/WatSeq_Pangenome_ABD/mace/gwas_dmp/50000w/haplotypes_only/
mace	chr5B	chr5B_mace_WatSeq_Pangenome_ABD_19w_50000ibs_haplotypes.tsv.gz	/nbi/group-data/ifs/NBI/Cristobal-Uauy/Jesus/14_watseq_affinity/groups/WatSeq_Pangenome_ABD/mace/gwas_dmp/50000w/haplotypes_only/
mace	chr5D	chr5D_mace_WatSeq_Pangenome_ABD_19w_50000ibs_haplotypes.tsv.gz	/nbi/group-data/ifs/NBI/Cristobal-Uauy/Jesus/14_watseq_affinity/groups/WatSeq_Pangenome_ABD/mace/gwas_dmp/50000w/haplotypes_only/
mace	chr6A	chr6A_mace_WatSeq_Pangenome_ABD_19w_50000ibs_haplotypes.tsv.gz	/nbi/group-data/ifs/NBI/Cristobal-Uauy/Jesus/14_watseq_affinity/groups/WatSeq_Pangenome_ABD/mace/gwas_dmp/50000w/haplotypes_only/
mace	chr6B	chr6B_mace_WatSeq_Pangenome_ABD_19w_50000ibs_haplotypes.tsv.gz	/nbi/group-data/ifs/NBI/Cristobal-Uauy/Jesus/14_watseq_affinity/groups/WatSeq_Pangenome_ABD/mace/gwas_dmp/50000w/haplotypes_only/
mace	chr6D	chr6D_mace_WatSeq_Pangenome_ABD_19w_50000ibs_haplotypes.tsv.gz	/nbi/group-data/ifs/NBI/Cristobal-Uauy/Jesus/14_watseq_affinity/groups/WatSeq_Pangenome_ABD/mace/gwas_dmp/50000w/haplotypes_only/
mace	chr7A	chr7A_mace_WatSeq_Pangenome_ABD_19w_50000ibs_haplotypes.tsv.gz	/nbi/group-data/ifs/NBI/Cristobal-Uauy/Jesus/14_watseq_affinity/groups/WatSeq_Pangenome_ABD/mace/gwas_dmp/50000w/haplotypes_only/
mace	chr7B	chr7B_mace_WatSeq_Pangenome_ABD_19w_50000ibs_haplotypes.tsv.gz	/nbi/group-data/ifs/NBI/Cristobal-Uauy/Jesus/14_watseq_affinity/groups/WatSeq_Pangenome_ABD/mace/gwas_dmp/50000w/haplotypes_only/
mace	chr7D	chr7D_mace_WatSeq_Pangenome_ABD_19w_50000ibs_haplotypes.tsv.gz	/nbi/group-data/ifs/NBI/Cristobal-Uauy/Jesus/14_watseq_affinity/groups/WatSeq_Pangenome_ABD/mace/gwas_dmp/50000w/haplotypes_only/
norin61	chr1A	chr1A_norin61_WatSeq_Pangenome_ABD_19w_50000ibs_haplotypes.tsv.gz	/nbi/group-data/ifs/NBI/Cristobal-Uauy/Jesus/14_watseq_affinity/groups/WatSeq_Pangenome_ABD/norin61/gwas_dmp/50000w/haplotypes_only/
norin61	chr1B	chr1B_norin61_WatSeq_Pangenome_ABD_19w_50000ibs_haplotypes.tsv.gz	/nbi/group-data/ifs/NBI/Cristobal-Uauy/Jesus/14_watseq_affinity/groups/WatSeq_Pangenome_ABD/norin61/gwas_dmp/50000w/haplotypes_only/
norin61	chr1D	chr1D_norin61_WatSeq_Pangenome_ABD_19w_50000ibs_haplotypes.tsv.gz	/nbi/group-data/ifs/NBI/Cristobal-Uauy/Jesus/14_watseq_affinity/groups/WatSeq_Pangenome_ABD/norin61/gwas_dmp/50000w/haplotypes_only/
norin61	chr2A	chr2A_norin61_WatSeq_Pangenome_ABD_19w_50000ibs_haplotypes.tsv.gz	/nbi/group-data/ifs/NBI/Cristobal-Uauy/Jesus/14_watseq_affinity/groups/WatSeq_Pangenome_ABD/norin61/gwas_dmp/50000w/haplotypes_only/
norin61	chr2B	chr2B_norin61_WatSeq_Pangenome_ABD_19w_50000ibs_haplotypes.tsv.gz	/nbi/group-data/ifs/NBI/Cristobal-Uauy/Jesus/14_watseq_affinity/groups/WatSeq_Pangenome_ABD/norin61/gwas_dmp/50000w/haplotypes_only/
norin61	chr2D	chr2D_norin61_WatSeq_Pangenome_ABD_19w_50000ibs_haplotypes.tsv.gz	/nbi/group-data/ifs/NBI/Cristobal-Uauy/Jesus/14_watseq_affinity/groups/WatSeq_Pangenome_ABD/norin61/gwas_dmp/50000w/haplotypes_only/
norin61	chr3A	chr3A_norin61_WatSeq_Pangenome_ABD_19w_50000ibs_haplotypes.tsv.gz	/nbi/group-data/ifs/NBI/Cristobal-Uauy/Jesus/14_watseq_affinity/groups/WatSeq_Pangenome_ABD/norin61/gwas_dmp/50000w/haplotypes_only/
norin61	chr3B	chr3B_norin61_WatSeq_Pangenome_ABD_19w_50000ibs_haplotypes.tsv.gz	/nbi/group-data/ifs/NBI/Cristobal-Uauy/Jesus/14_watseq_affinity/groups/WatSeq_Pangenome_ABD/norin61/gwas_dmp/50000w/haplotypes_only/
norin61	chr3D	chr3D_norin61_WatSeq_Pangenome_ABD_19w_50000ibs_haplotypes.tsv.gz	/nbi/group-data/ifs/NBI/Cristobal-Uauy/Jesus/14_watseq_affinity/groups/WatSeq_Pangenome_ABD/norin61/gwas_dmp/50000w/haplotypes_only/
norin61	chr4A	chr4A_norin61_WatSeq_Pangenome_ABD_19w_50000ibs_haplotypes.tsv.gz	/nbi/group-data/ifs/NBI/Cristobal-Uauy/Jesus/14_watseq_affinity/groups/WatSeq_Pangenome_ABD/norin61/gwas_dmp/50000w/haplotypes_only/
norin61	chr4B	chr4B_norin61_WatSeq_Pangenome_ABD_19w_50000ibs_haplotypes.tsv.gz	/nbi/group-data/ifs/NBI/Cristobal-Uauy/Jesus/14_watseq_affinity/groups/WatSeq_Pangenome_ABD/norin61/gwas_dmp/50000w/haplotypes_only/
norin61	chr4D	chr4D_norin61_WatSeq_Pangenome_ABD_19w_50000ibs_haplotypes.tsv.gz	/nbi/group-data/ifs/NBI/Cristobal-Uauy/Jesus/14_watseq_affinity/groups/WatSeq_Pangenome_ABD/norin61/gwas_dmp/50000w/haplotypes_only/
norin61	chr5A	chr5A_norin61_WatSeq_Pangenome_ABD_19w_50000ibs_haplotypes.tsv.gz	/nbi/group-data/ifs/NBI/Cristobal-Uauy/Jesus/14_watseq_affinity/groups/WatSeq_Pangenome_ABD/norin61/gwas_dmp/50000w/haplotypes_only/
norin61	chr5B	chr5B_norin61_WatSeq_Pangenome_ABD_19w_50000ibs_haplotypes.tsv.gz	/nbi/group-data/ifs/NBI/Cristobal-Uauy/Jesus/14_watseq_affinity/groups/WatSeq_Pangenome_ABD/norin61/gwas_dmp/50000w/haplotypes_only/
norin61	chr5D	chr5D_norin61_WatSeq_Pangenome_ABD_19w_50000ibs_haplotypes.tsv.gz	/nbi/group-data/ifs/NBI/Cristobal-Uauy/Jesus/14_watseq_affinity/groups/WatSeq_Pangenome_ABD/norin61/gwas_dmp/50000w/haplotypes_only/
norin61	chr6A	chr6A_norin61_WatSeq_Pangenome_ABD_19w_50000ibs_haplotypes.tsv.gz	/nbi/group-data/ifs/NBI/Cristobal-Uauy/Jesus/14_watseq_affinity/groups/WatSeq_Pangenome_ABD/norin61/gwas_dmp/50000w/haplotypes_only/
norin61	chr6B	chr6B_norin61_WatSeq_Pangenome_ABD_19w_50000ibs_haplotypes.tsv.gz	/nbi/group-data/ifs/NBI/Cristobal-Uauy/Jesus/14_watseq_affinity/groups/WatSeq_Pangenome_ABD/norin61/gwas_dmp/50000w/haplotypes_only/
norin61	chr6D	chr6D_norin61_WatSeq_Pangenome_ABD_19w_50000ibs_haplotypes.tsv.gz	/nbi/group-data/ifs/NBI/Cristobal-Uauy/Jesus/14_watseq_affinity/groups/WatSeq_Pangenome_ABD/norin61/gwas_dmp/50000w/haplotypes_only/
norin61	chr7A	chr7A_norin61_WatSeq_Pangenome_ABD_19w_50000ibs_haplotypes.tsv.gz	/nbi/group-data/ifs/NBI/Cristobal-Uauy/Jesus/14_watseq_affinity/groups/WatSeq_Pangenome_ABD/norin61/gwas_dmp/50000w/haplotypes_only/
norin61	chr7B	chr7B_norin61_WatSeq_Pangenome_ABD_19w_50000ibs_haplotypes.tsv.gz	/nbi/group-data/ifs/NBI/Cristobal-Uauy/Jesus/14_watseq_affinity/groups/WatSeq_Pangenome_ABD/norin61/gwas_dmp/50000w/haplotypes_only/
norin61	chr7D	chr7D_norin61_WatSeq_Pangenome_ABD_19w_50000ibs_haplotypes.tsv.gz	/nbi/group-data/ifs/NBI/Cristobal-Uauy/Jesus/14_watseq_affinity/groups/WatSeq_Pangenome_ABD/norin61/gwas_dmp/50000w/haplotypes_only/
spelta	chr1A	chr1A_spelta_WatSeq_Pangenome_ABD_19w_50000ibs_haplotypes.tsv.gz	/nbi/group-data/ifs/NBI/Cristobal-Uauy/Jesus/14_watseq_affinity/groups/WatSeq_Pangenome_ABD/spelta/gwas_dmp/50000w/haplotypes_only/
spelta	chr1B	chr1B_spelta_WatSeq_Pangenome_ABD_19w_50000ibs_haplotypes.tsv.gz	/nbi/group-data/ifs/NBI/Cristobal-Uauy/Jesus/14_watseq_affinity/groups/WatSeq_Pangenome_ABD/spelta/gwas_dmp/50000w/haplotypes_only/
spelta	chr1D	chr1D_spelta_WatSeq_Pangenome_ABD_19w_50000ibs_haplotypes.tsv.gz	/nbi/group-data/ifs/NBI/Cristobal-Uauy/Jesus/14_watseq_affinity/groups/WatSeq_Pangenome_ABD/spelta/gwas_dmp/50000w/haplotypes_only/
spelta	chr2A	chr2A_spelta_WatSeq_Pangenome_ABD_19w_50000ibs_haplotypes.tsv.gz	/nbi/group-data/ifs/NBI/Cristobal-Uauy/Jesus/14_watseq_affinity/groups/WatSeq_Pangenome_ABD/spelta/gwas_dmp/50000w/haplotypes_only/
spelta	chr2B	chr2B_spelta_WatSeq_Pangenome_ABD_19w_50000ibs_haplotypes.tsv.gz	/nbi/group-data/ifs/NBI/Cristobal-Uauy/Jesus/14_watseq_affinity/groups/WatSeq_Pangenome_ABD/spelta/gwas_dmp/50000w/haplotypes_only/
spelta	chr2D	chr2D_spelta_WatSeq_Pangenome_ABD_19w_50000ibs_haplotypes.tsv.gz	/nbi/group-data/ifs/NBI/Cristobal-Uauy/Jesus/14_watseq_affinity/groups/WatSeq_Pangenome_ABD/spelta/gwas_dmp/50000w/haplotypes_only/
spelta	chr3A	chr3A_spelta_WatSeq_Pangenome_ABD_19w_50000ibs_haplotypes.tsv.gz	/nbi/group-data/ifs/NBI/Cristobal-Uauy/Jesus/14_watseq_affinity/groups/WatSeq_Pangenome_ABD/spelta/gwas_dmp/50000w/haplotypes_only/
spelta	chr3B	chr3B_spelta_WatSeq_Pangenome_ABD_19w_50000ibs_haplotypes.tsv.gz	/nbi/group-data/ifs/NBI/Cristobal-Uauy/Jesus/14_watseq_affinity/groups/WatSeq_Pangenome_ABD/spelta/gwas_dmp/50000w/haplotypes_only/
spelta	chr3D	chr3D_spelta_WatSeq_Pangenome_ABD_19w_50000ibs_haplotypes.tsv.gz	/nbi/group-data/ifs/NBI/Cristobal-Uauy/Jesus/14_watseq_affinity/groups/WatSeq_Pangenome_ABD/spelta/gwas_dmp/50000w/haplotypes_only/
spelta	chr4A	chr4A_spelta_WatSeq_Pangenome_ABD_19w_50000ibs_haplotypes.tsv.gz	/nbi/group-data/ifs/NBI/Cristobal-Uauy/Jesus/14_watseq_affinity/groups/WatSeq_Pangenome_ABD/spelta/gwas_dmp/50000w/haplotypes_only/
spelta	chr4B	chr4B_spelta_WatSeq_Pangenome_ABD_19w_50000ibs_haplotypes.tsv.gz	/nbi/group-data/ifs/NBI/Cristobal-Uauy/Jesus/14_watseq_affinity/groups/WatSeq_Pangenome_ABD/spelta/gwas_dmp/50000w/haplotypes_only/
spelta	chr4D	chr4D_spelta_WatSeq_Pangenome_ABD_19w_50000ibs_haplotypes.tsv.gz	/nbi/group-data/ifs/NBI/Cristobal-Uauy/Jesus/14_watseq_affinity/groups/WatSeq_Pangenome_ABD/spelta/gwas_dmp/50000w/haplotypes_only/
spelta	chr5A	chr5A_spelta_WatSeq_Pangenome_ABD_19w_50000ibs_haplotypes.tsv.gz	/nbi/group-data/ifs/NBI/Cristobal-Uauy/Jesus/14_watseq_affinity/groups/WatSeq_Pangenome_ABD/spelta/gwas_dmp/50000w/haplotypes_only/
spelta	chr5B	chr5B_spelta_WatSeq_Pangenome_ABD_19w_50000ibs_haplotypes.tsv.gz	/nbi/group-data/ifs/NBI/Cristobal-Uauy/Jesus/14_watseq_affinity/groups/WatSeq_Pangenome_ABD/spelta/gwas_dmp/50000w/haplotypes_only/
spelta	chr5D	chr5D_spelta_WatSeq_Pangenome_ABD_19w_50000ibs_haplotypes.tsv.gz	/nbi/group-data/ifs/NBI/Cristobal-Uauy/Jesus/14_watseq_affinity/groups/WatSeq_Pangenome_ABD/spelta/gwas_dmp/50000w/haplotypes_only/
spelta	chr6A	chr6A_spelta_WatSeq_Pangenome_ABD_19w_50000ibs_haplotypes.tsv.gz	/nbi/group-data/ifs/NBI/Cristobal-Uauy/Jesus/14_watseq_affinity/groups/WatSeq_Pangenome_ABD/spelta/gwas_dmp/50000w/haplotypes_only/
spelta	chr6B	chr6B_spelta_WatSeq_Pangenome_ABD_19w_50000ibs_haplotypes.tsv.gz	/nbi/group-data/ifs/NBI/Cristobal-Uauy/Jesus/14_watseq_affinity/groups/WatSeq_Pangenome_ABD/spelta/gwas_dmp/50000w/haplotypes_only/
spelta	chr6D	chr6D_spelta_WatSeq_Pangenome_ABD_19w_50000ibs_haplotypes.tsv.gz	/nbi/group-data/ifs/NBI/Cristobal-Uauy/Jesus/14_watseq_affinity/groups/WatSeq_Pangenome_ABD/spelta/gwas_dmp/50000w/haplotypes_only/
spelta	chr7A	chr7A_spelta_WatSeq_Pangenome_ABD_19w_50000ibs_haplotypes.tsv.gz	/nbi/group-data/ifs/NBI/Cristobal-Uauy/Jesus/14_watseq_affinity/groups/WatSeq_Pangenome_ABD/spelta/gwas_dmp/50000w/haplotypes_only/
spelta	chr7B	chr7B_spelta_WatSeq_Pangenome_ABD_19w_50000ibs_haplotypes.tsv.gz	/nbi/group-data/ifs/NBI/Cristobal-Uauy/Jesus/14_watseq_affinity/groups/WatSeq_Pangenome_ABD/spelta/gwas_dmp/50000w/haplotypes_only/
spelta	chr7D	chr7D_spelta_WatSeq_Pangenome_ABD_19w_50000ibs_haplotypes.tsv.gz	/nbi/group-data/ifs/NBI/Cristobal-Uauy/Jesus/14_watseq_affinity/groups/WatSeq_Pangenome_ABD/spelta/gwas_dmp/50000w/haplotypes_only/
stanley	chr1A	chr1A_stanley_WatSeq_Pangenome_ABD_19w_50000ibs_haplotypes.tsv.gz	/nbi/group-data/ifs/NBI/Cristobal-Uauy/Jesus/14_watseq_affinity/groups/WatSeq_Pangenome_ABD/stanley/gwas_dmp/50000w/haplotypes_only/
stanley	chr1B	chr1B_stanley_WatSeq_Pangenome_ABD_19w_50000ibs_haplotypes.tsv.gz	/nbi/group-data/ifs/NBI/Cristobal-Uauy/Jesus/14_watseq_affinity/groups/WatSeq_Pangenome_ABD/stanley/gwas_dmp/50000w/haplotypes_only/
stanley	chr1D	chr1D_stanley_WatSeq_Pangenome_ABD_19w_50000ibs_haplotypes.tsv.gz	/nbi/group-data/ifs/NBI/Cristobal-Uauy/Jesus/14_watseq_affinity/groups/WatSeq_Pangenome_ABD/stanley/gwas_dmp/50000w/haplotypes_only/
stanley	chr2A	chr2A_stanley_WatSeq_Pangenome_ABD_19w_50000ibs_haplotypes.tsv.gz	/nbi/group-data/ifs/NBI/Cristobal-Uauy/Jesus/14_watseq_affinity/groups/WatSeq_Pangenome_ABD/stanley/gwas_dmp/50000w/haplotypes_only/
stanley	chr2B	chr2B_stanley_WatSeq_Pangenome_ABD_19w_50000ibs_haplotypes.tsv.gz	/nbi/group-data/ifs/NBI/Cristobal-Uauy/Jesus/14_watseq_affinity/groups/WatSeq_Pangenome_ABD/stanley/gwas_dmp/50000w/haplotypes_only/
stanley	chr2D	chr2D_stanley_WatSeq_Pangenome_ABD_19w_50000ibs_haplotypes.tsv.gz	/nbi/group-data/ifs/NBI/Cristobal-Uauy/Jesus/14_watseq_affinity/groups/WatSeq_Pangenome_ABD/stanley/gwas_dmp/50000w/haplotypes_only/
stanley	chr3A	chr3A_stanley_WatSeq_Pangenome_ABD_19w_50000ibs_haplotypes.tsv.gz	/nbi/group-data/ifs/NBI/Cristobal-Uauy/Jesus/14_watseq_affinity/groups/WatSeq_Pangenome_ABD/stanley/gwas_dmp/50000w/haplotypes_only/
stanley	chr3B	chr3B_stanley_WatSeq_Pangenome_ABD_19w_50000ibs_haplotypes.tsv.gz	/nbi/group-data/ifs/NBI/Cristobal-Uauy/Jesus/14_watseq_affinity/groups/WatSeq_Pangenome_ABD/stanley/gwas_dmp/50000w/haplotypes_only/
stanley	chr3D	chr3D_stanley_WatSeq_Pangenome_ABD_19w_50000ibs_haplotypes.tsv.gz	/nbi/group-data/ifs/NBI/Cristobal-Uauy/Jesus/14_watseq_affinity/groups/WatSeq_Pangenome_ABD/stanley/gwas_dmp/50000w/haplotypes_only/
stanley	chr4A	chr4A_stanley_WatSeq_Pangenome_ABD_19w_50000ibs_haplotypes.tsv.gz	/nbi/group-data/ifs/NBI/Cristobal-Uauy/Jesus/14_watseq_affinity/groups/WatSeq_Pangenome_ABD/stanley/gwas_dmp/50000w/haplotypes_only/
stanley	chr4B	chr4B_stanley_WatSeq_Pangenome_ABD_19w_50000ibs_haplotypes.tsv.gz	/nbi/group-data/ifs/NBI/Cristobal-Uauy/Jesus/14_watseq_affinity/groups/WatSeq_Pangenome_ABD/stanley/gwas_dmp/50000w/haplotypes_only/
stanley	chr4D	chr4D_stanley_WatSeq_Pangenome_ABD_19w_50000ibs_haplotypes.tsv.gz	/nbi/group-data/ifs/NBI/Cristobal-Uauy/Jesus/14_watseq_affinity/groups/WatSeq_Pangenome_ABD/stanley/gwas_dmp/50000w/haplotypes_only/
stanley	chr5A	chr5A_stanley_WatSeq_Pangenome_ABD_19w_50000ibs_haplotypes.tsv.gz	/nbi/group-data/ifs/NBI/Cristobal-Uauy/Jesus/14_watseq_affinity/groups/WatSeq_Pangenome_ABD/stanley/gwas_dmp/50000w/haplotypes_only/
stanley	chr5B	chr5B_stanley_WatSeq_Pangenome_ABD_19w_50000ibs_haplotypes.tsv.gz	/nbi/group-data/ifs/NBI/Cristobal-Uauy/Jesus/14_watseq_affinity/groups/WatSeq_Pangenome_ABD/stanley/gwas_dmp/50000w/haplotypes_only/
stanley	chr5D	chr5D_stanley_WatSeq_Pangenome_ABD_19w_50000ibs_haplotypes.tsv.gz	/nbi/group-data/ifs/NBI/Cristobal-Uauy/Jesus/14_watseq_affinity/groups/WatSeq_Pangenome_ABD/stanley/gwas_dmp/50000w/haplotypes_only/
stanley	chr6A	chr6A_stanley_WatSeq_Pangenome_ABD_19w_50000ibs_haplotypes.tsv.gz	/nbi/group-data/ifs/NBI/Cristobal-Uauy/Jesus/14_watseq_affinity/groups/WatSeq_Pangenome_ABD/stanley/gwas_dmp/50000w/haplotypes_only/
stanley	chr6B	chr6B_stanley_WatSeq_Pangenome_ABD_19w_50000ibs_haplotypes.tsv.gz	/nbi/group-data/ifs/NBI/Cristobal-Uauy/Jesus/14_watseq_affinity/groups/WatSeq_Pangenome_ABD/stanley/gwas_dmp/50000w/haplotypes_only/
stanley	chr6D	chr6D_stanley_WatSeq_Pangenome_ABD_19w_50000ibs_haplotypes.tsv.gz	/nbi/group-data/ifs/NBI/Cristobal-Uauy/Jesus/14_watseq_affinity/groups/WatSeq_Pangenome_ABD/stanley/gwas_dmp/50000w/haplotypes_only/
stanley	chr7A	chr7A_stanley_WatSeq_Pangenome_ABD_19w_50000ibs_haplotypes.tsv.gz	/nbi/group-data/ifs/NBI/Cristobal-Uauy/Jesus/14_watseq_affinity/groups/WatSeq_Pangenome_ABD/stanley/gwas_dmp/50000w/haplotypes_only/
stanley	chr7B	chr7B_stanley_WatSeq_Pangenome_ABD_19w_50000ibs_haplotypes.tsv.gz	/nbi/group-data/ifs/NBI/Cristobal-Uauy/Jesus/14_watseq_affinity/groups/WatSeq_Pangenome_ABD/stanley/gwas_dmp/50000w/haplotypes_only/
stanley	chr7D	chr7D_stanley_WatSeq_Pangenome_ABD_19w_50000ibs_haplotypes.tsv.gz	/nbi/group-data/ifs/NBI/Cristobal-Uauy/Jesus/14_watseq_affinity/groups/WatSeq_Pangenome_ABD/stanley/gwas_dmp/50000w/haplotypes_only/
sy_mattis	chr1A	chr1A_sy_mattis_WatSeq_Pangenome_ABD_19w_50000ibs_haplotypes.tsv.gz	/nbi/group-data/ifs/NBI/Cristobal-Uauy/Jesus/14_watseq_affinity/groups/WatSeq_Pangenome_ABD/sy_mattis/gwas_dmp/50000w/haplotypes_only/
sy_mattis	chr1B	chr1B_sy_mattis_WatSeq_Pangenome_ABD_19w_50000ibs_haplotypes.tsv.gz	/nbi/group-data/ifs/NBI/Cristobal-Uauy/Jesus/14_watseq_affinity/groups/WatSeq_Pangenome_ABD/sy_mattis/gwas_dmp/50000w/haplotypes_only/
sy_mattis	chr1D	chr1D_sy_mattis_WatSeq_Pangenome_ABD_19w_50000ibs_haplotypes.tsv.gz	/nbi/group-data/ifs/NBI/Cristobal-Uauy/Jesus/14_watseq_affinity/groups/WatSeq_Pangenome_ABD/sy_mattis/gwas_dmp/50000w/haplotypes_only/
sy_mattis	chr2A	chr2A_sy_mattis_WatSeq_Pangenome_ABD_19w_50000ibs_haplotypes.tsv.gz	/nbi/group-data/ifs/NBI/Cristobal-Uauy/Jesus/14_watseq_affinity/groups/WatSeq_Pangenome_ABD/sy_mattis/gwas_dmp/50000w/haplotypes_only/
sy_mattis	chr2B	chr2B_sy_mattis_WatSeq_Pangenome_ABD_19w_50000ibs_haplotypes.tsv.gz	/nbi/group-data/ifs/NBI/Cristobal-Uauy/Jesus/14_watseq_affinity/groups/WatSeq_Pangenome_ABD/sy_mattis/gwas_dmp/50000w/haplotypes_only/
sy_mattis	chr2D	chr2D_sy_mattis_WatSeq_Pangenome_ABD_19w_50000ibs_haplotypes.tsv.gz	/nbi/group-data/ifs/NBI/Cristobal-Uauy/Jesus/14_watseq_affinity/groups/WatSeq_Pangenome_ABD/sy_mattis/gwas_dmp/50000w/haplotypes_only/
sy_mattis	chr3A	chr3A_sy_mattis_WatSeq_Pangenome_ABD_19w_50000ibs_haplotypes.tsv.gz	/nbi/group-data/ifs/NBI/Cristobal-Uauy/Jesus/14_watseq_affinity/groups/WatSeq_Pangenome_ABD/sy_mattis/gwas_dmp/50000w/haplotypes_only/
sy_mattis	chr3B	chr3B_sy_mattis_WatSeq_Pangenome_ABD_19w_50000ibs_haplotypes.tsv.gz	/nbi/group-data/ifs/NBI/Cristobal-Uauy/Jesus/14_watseq_affinity/groups/WatSeq_Pangenome_ABD/sy_mattis/gwas_dmp/50000w/haplotypes_only/
sy_mattis	chr3D	chr3D_sy_mattis_WatSeq_Pangenome_ABD_19w_50000ibs_haplotypes.tsv.gz	/nbi/group-data/ifs/NBI/Cristobal-Uauy/Jesus/14_watseq_affinity/groups/WatSeq_Pangenome_ABD/sy_mattis/gwas_dmp/50000w/haplotypes_only/
sy_mattis	chr4A	chr4A_sy_mattis_WatSeq_Pangenome_ABD_19w_50000ibs_haplotypes.tsv.gz	/nbi/group-data/ifs/NBI/Cristobal-Uauy/Jesus/14_watseq_affinity/groups/WatSeq_Pangenome_ABD/sy_mattis/gwas_dmp/50000w/haplotypes_only/
sy_mattis	chr4B	chr4B_sy_mattis_WatSeq_Pangenome_ABD_19w_50000ibs_haplotypes.tsv.gz	/nbi/group-data/ifs/NBI/Cristobal-Uauy/Jesus/14_watseq_affinity/groups/WatSeq_Pangenome_ABD/sy_mattis/gwas_dmp/50000w/haplotypes_only/
sy_mattis	chr4D	chr4D_sy_mattis_WatSeq_Pangenome_ABD_19w_50000ibs_haplotypes.tsv.gz	/nbi/group-data/ifs/NBI/Cristobal-Uauy/Jesus/14_watseq_affinity/groups/WatSeq_Pangenome_ABD/sy_mattis/gwas_dmp/50000w/haplotypes_only/
sy_mattis	chr5A	chr5A_sy_mattis_WatSeq_Pangenome_ABD_19w_50000ibs_haplotypes.tsv.gz	/nbi/group-data/ifs/NBI/Cristobal-Uauy/Jesus/14_watseq_affinity/groups/WatSeq_Pangenome_ABD/sy_mattis/gwas_dmp/50000w/haplotypes_only/
sy_mattis	chr5B	chr5B_sy_mattis_WatSeq_Pangenome_ABD_19w_50000ibs_haplotypes.tsv.gz	/nbi/group-data/ifs/NBI/Cristobal-Uauy/Jesus/14_watseq_affinity/groups/WatSeq_Pangenome_ABD/sy_mattis/gwas_dmp/50000w/haplotypes_only/
sy_mattis	chr5D	chr5D_sy_mattis_WatSeq_Pangenome_ABD_19w_50000ibs_haplotypes.tsv.gz	/nbi/group-data/ifs/NBI/Cristobal-Uauy/Jesus/14_watseq_affinity/groups/WatSeq_Pangenome_ABD/sy_mattis/gwas_dmp/50000w/haplotypes_only/
sy_mattis	chr6A	chr6A_sy_mattis_WatSeq_Pangenome_ABD_19w_50000ibs_haplotypes.tsv.gz	/nbi/group-data/ifs/NBI/Cristobal-Uauy/Jesus/14_watseq_affinity/groups/WatSeq_Pangenome_ABD/sy_mattis/gwas_dmp/50000w/haplotypes_only/
sy_mattis	chr6B	chr6B_sy_mattis_WatSeq_Pangenome_ABD_19w_50000ibs_haplotypes.tsv.gz	/nbi/group-data/ifs/NBI/Cristobal-Uauy/Jesus/14_watseq_affinity/groups/WatSeq_Pangenome_ABD/sy_mattis/gwas_dmp/50000w/haplotypes_only/
sy_mattis	chr6D	chr6D_sy_mattis_WatSeq_Pangenome_ABD_19w_50000ibs_haplotypes.tsv.gz	/nbi/group-data/ifs/NBI/Cristobal-Uauy/Jesus/14_watseq_affinity/groups/WatSeq_Pangenome_ABD/sy_mattis/gwas_dmp/50000w/haplotypes_only/
sy_mattis	chr7A	chr7A_sy_mattis_WatSeq_Pangenome_ABD_19w_50000ibs_haplotypes.tsv.gz	/nbi/group-data/ifs/NBI/Cristobal-Uauy/Jesus/14_watseq_affinity/groups/WatSeq_Pangenome_ABD/sy_mattis/gwas_dmp/50000w/haplotypes_only/
sy_mattis	chr7B	chr7B_sy_mattis_WatSeq_Pangenome_ABD_19w_50000ibs_haplotypes.tsv.gz	/nbi/group-data/ifs/NBI/Cristobal-Uauy/Jesus/14_watseq_affinity/groups/WatSeq_Pangenome_ABD/sy_mattis/gwas_dmp/50000w/haplotypes_only/
sy_mattis	chr7D	chr7D_sy_mattis_WatSeq_Pangenome_ABD_19w_50000ibs_haplotypes.tsv.gz	/nbi/group-data/ifs/NBI/Cristobal-Uauy/Jesus/14_watseq_affinity/groups/WatSeq_Pangenome_ABD/sy_mattis/gwas_dmp/50000w/haplotypes_only/